{"labels_map": {"0": "DADOS", "1": "ATAQUE"}, "accuracies": {"adversaries": 25.114350436391213, "original": 99.95733493045593}, "confMat_by_percentage": [[50.19, 49.81], [99, 0.04]], "confMat_by_instances": [[311754, 309363], [620892, 225]], "confMatOriginal_by_percentage": [[99, 0.01], [0.07, 99]], "confMatOriginal_by_instances": [[621039, 78], [452, 620665]], "sizes": {"original": {"dataset": 1291857, "0": 1242227, "1": 49630}, "upscaled": {"dataset": 2484454, "0": 1242227, "1": 1242227}}}