{"labels_map": {"0": "DADOS", "1": "ATAQUE"}, "accuracies": {"adversaries": 58.65939589511662, "original": 98.90735635455171}, "confMat_by_percentage": [[92.75, 7.25], [75.43, 24.57]], "confMat_by_instances": [[6700498, 523678], [5449358, 1774818]], "confMatOriginal_by_percentage": [[97.99, 2.01], [0.17, 99]], "confMatOriginal_by_instances": [[7078815, 145361], [12508, 7211668]], "sizes": {"original": {"dataset": 14471364, "0": 14448387, "1": 22977}, "upscaled": {"dataset": 28896774, "0": 14448387, "1": 14448387}}}