{"labels_map": {"0": "DADOS", "1": "ATAQUE"}, "accuracies": {"adversaries": 23.9123844696157, "original": 99.04398909789059}, "confMat_by_percentage": [[45.89, 54.11], [98.06, 1.94]], "confMat_by_instances": [[331492, 390937], [708421, 14008]], "confMatOriginal_by_percentage": [[98.17, 1.83], [0.09, 99]], "confMatOriginal_by_instances": [[709241, 13188], [625, 721804]], "sizes": {"original": {"dataset": 14471364, "0": 14448387, "1": 22977}, "upscaled": {"dataset": 28896774, "0": 14448387, "1": 14448387}}}