{"labels_map": {"0": "WWW", "1": "MAIL", "2": "Bulk (UDP)", "3": "P2P", "4": "DB", "5": "SERVICES"}, "accuracies": {"adversaries": 15.673385621977488, "original": 99.88824318283416}, "confMat_by_percentage": [[0.88, 0.03, 0.1, 4.98, 0.0, 94.0], [0.22, 0.0, 0.01, 0.19, 0.0, 99], [1.38, 0.03, 0.21, 2.78, 0.0, 95.6], [1.66, 0.0, 1.38, 2.6, 0.0, 94.36], [0.1, 0.0, 0.08, 6.87, 0.0, 92.95], [2.57, 0.08, 1.31, 4.15, 0.0, 91.88]], "confMat_by_instances": [[146, 5, 17, 822, 0, 15510], [36, 0, 2, 32, 0, 16391], [229, 5, 35, 460, 0, 15822], [270, 0, 224, 424, 0, 15367], [17, 0, 13, 1133, 0, 15336], [415, 13, 212, 670, 0, 14822]], "confMatOriginal_by_percentage": [[99, 0.0, 0.02, 0.0, 0.0, 0.01], [0.0, 99, 0.0, 0.0, 0.0, 0.0], [0.12, 0.0, 99, 0.0, 0.0, 0.02], [0.0, 0.0, 0.0, 99, 0.0, 0.0], [0.0, 0.0, 0.0, 0.02, 99, 0.0], [0.12, 0.06, 0.02, 0.28, 0.0, 99]], "confMatOriginal_by_instances": [[16495, 0, 4, 0, 0, 1], [0, 16461, 0, 0, 0, 0], [20, 0, 16527, 0, 0, 4], [0, 0, 0, 16285, 0, 0], [0, 0, 0, 4, 16495, 0], [19, 10, 3, 45, 0, 16055]], "sizes": {"original": {"dataset": 1968542, "2": 328092, "1": 328092, "3": 328092, "5": 328090, "0": 328084, "4": 328092}, "upscaled": {"dataset": 1968542, "2": 328092, "1": 328092, "3": 328092, "5": 328090, "0": 328084, "4": 328092}}}