{"labels_map": {"0": "WWW", "1": "MAIL", "2": "Bulk (UDP)", "3": "P2P", "4": "DB", "5": "SERVICES"}, "accuracies": {"adversaries": 0.9766619152652064, "original": 99.71725266720243}, "confMat_by_percentage": [[0.49, 11.42, 46.72, 2.05, 0.66, 38.66], [0.45, 0.05, 15.38, 3.57, 10.97, 69.58], [33.17, 1.66, 0.22, 12.54, 1.1, 51.31], [6.45, 0.34, 14.17, 0.35, 0.85, 77.84], [73.56, 1.16, 4.68, 12.17, 0.05, 8.38], [10.53, 32.12, 19.99, 29.57, 3.08, 4.71]], "confMat_by_instances": [[804, 18768, 76768, 3373, 1090, 63529], [736, 90, 25203, 5848, 17983, 114060], [54491, 2730, 357, 20604, 1805, 84299], [10573, 564, 23239, 575, 1392, 127675], [120535, 1908, 7670, 19935, 77, 13736], [17260, 52631, 32761, 48445, 5047, 7710]], "confMatOriginal_by_percentage": [[99, 0.0, 0.21, 0.0, 0.0, 0.0], [0.0, 99, 0.0, 0.0, 0.0, 0.07], [0.12, 0.0, 99, 0.0, 0.01, 0.03], [0.02, 0.0, 0.0, 99, 0.0, 0.33], [0.0, 0.0, 0.0, 0.05, 99, 0.02], [0.15, 0.06, 0.05, 0.55, 0.01, 99]], "confMatOriginal_by_instances": [[163977, 2, 344, 0, 5, 4], [0, 163798, 0, 0, 0, 122], [191, 7, 164022, 6, 15, 45], [27, 0, 1, 163443, 0, 547], [0, 0, 0, 77, 163757, 27], [249, 104, 90, 906, 14, 162491]], "sizes": {"original": {"dataset": 1968542, "2": 328092, "5": 328090, "0": 328084, "1": 328092, "3": 328092, "4": 328092}, "upscaled": {"dataset": 1968542, "2": 328092, "5": 328090, "0": 328084, "1": 328092, "3": 328092, "4": 328092}}}