{"labels_map": {"0": "DADOS", "1": "ATAQUE"}, "accuracies": {"adversaries": 36.438523667020625, "original": 99.85278501785886}, "confMat_by_percentage": [[72.82, 27.18], [99, 0.06]], "confMat_by_instances": [[45258, 16896], [62116, 38]], "confMatOriginal_by_percentage": [[99, 0.01], [0.29, 99]], "confMatOriginal_by_instances": [[62149, 5], [178, 61976]], "sizes": {"original": {"dataset": 1291857, "0": 1242227, "1": 49630}, "upscaled": {"dataset": 2484454, "0": 1242227, "1": 1242227}}}